source,target,lrv_tput,shortest,max_flow,longest,lrv_hops,node_conn,lrv_max_vis_prob,lrv_max_vis_node,lrv_mf_eff,lrv_nc_eff,lrv_inflation
PRA,VIE,1.777,1,3,31,10.563,2,0.438,MIL,0.59,1.0,10.56
PRA,STO,1.08,5,2,31,14.254,2,0.744,POZ,0.54,0.28,2.85
PRA,RIG,1.394,3,2,29,13.509,2,0.792,POZ,0.7,0.29,4.5
PRA,ZAG,1.431,4,3,30,14.307,2,0.739,MIL,0.48,0.37,3.58
PRA,SOF,1.438,4,3,29,13.334,2,0.742,MIL,0.48,0.37,3.33
PRA,TAR,1.39,4,2,28,13.359,2,0.789,POZ,0.69,0.29,3.34
PRA,SIN,0.547,6,1,26,18.783,1,1.0,LIS,0.55,-1.0,3.13
PRA,TIR,1.168,3,2,30,16.927,2,0.848,MIL,0.58,0.18,5.64
PRA,THE,0.885,5,2,31,18.734,1,1.0,SOF,0.44,-1.0,3.75
PRA,SKO,1.029,5,2,29,19.127,2,0.828,MIL,0.51,0.18,3.83
VIE,ZAG,1.877,3,3,28,12.994,2,0.652,MIL,0.63,0.65,4.33
BRA,PRA,1.454,2,2,30,14.928,2,0.809,VIE,0.73,0.28,7.46
BRA,VIE,1.645,1,2,31,9.623,2,0.392,MIL,0.82,1.0,9.62
BRA,HEL,1.033,6,2,30,20.915,2,0.841,VIE,0.52,0.16,3.49
BRA,STO,0.783,7,2,32,22.991,2,0.849,VIE,0.39,0.12,3.28
BRA,KAU,0.982,4,2,33,21.785,2,0.853,VIE,0.49,0.14,5.45
BRA,RIG,0.951,5,2,32,22.133,2,0.844,VIE,0.48,0.15,4.43
BRA,GEN,1.566,3,2,31,15.961,2,0.733,MIL,0.78,0.42,5.32
BRA,MAR,1.351,3,2,31,18.162,2,0.8,MIL,0.68,0.27,6.05
BRA,PAR,1.416,4,2,31,16.347,2,0.746,VIE,0.71,0.36,4.09
BRA,LJU,1.523,3,2,30,18.732,2,0.663,BUD,0.76,0.51,6.24
BRA,ZAG,1.72,2,2,29,15.266,2,0.643,BUD,0.86,0.61,7.63
BRA,HAM,1.114,5,2,33,20.251,2,0.832,VIE,0.56,0.19,4.05
BRA,BUC,1.392,2,2,31,16.047,2,0.81,BUD,0.7,0.26,8.02
BRA,SOF,1.732,3,2,29,13.653,2,0.628,BUD,0.87,0.64,4.55
BRA,TAR,0.949,6,2,31,22.323,2,0.848,VIE,0.47,0.14,3.72
BRA,LIS,0.894,5,2,34,22.384,2,0.829,MIL,0.45,0.15,4.48
BRA,POR,0.905,6,2,33,22.604,2,0.824,MIL,0.45,0.16,3.77
BRA,COP,1.127,5,2,32,20.329,2,0.832,VIE,0.56,0.19,4.07
BRA,LON,1.128,5,2,34,19.805,2,0.783,VIE,0.56,0.24,3.96
BRA,IST,1.007,4,2,31,19.578,1,1.0,SOF,0.5,-1.0,4.89
BRA,DUB,0.961,6,2,33,22.213,2,0.846,PAR,0.48,0.15,3.7
BRA,SIN,0.517,6,1,35,24.517,1,1.0,LIS,0.52,-1.0,4.09
BRA,MIL,1.893,2,2,24,10.491,2,0.527,VIE,0.95,0.9,5.25
BRA,BRU,1.238,5,2,34,19.08,2,0.773,VIE,0.62,0.28,3.82
BRA,LUX,1.089,4,2,33,21.212,2,0.793,VIE,0.54,0.23,5.3
BRA,TIR,1.281,3,2,30,18.851,2,0.72,MIL,0.64,0.36,6.28
BRA,POZ,1.162,3,2,32,17.98,2,0.837,VIE,0.58,0.19,5.99
BRA,THE,1.009,4,2,31,18.445,1,1.0,SOF,0.5,-1.0,4.61
BRA,COR,0.975,5,2,34,22.569,2,0.841,PAR,0.49,0.16,4.51
BRA,FRA,1.511,3,2,32,16.197,2,0.757,VIE,0.76,0.37,5.4
BRA,MAD,1.155,4,2,31,20.291,2,0.814,MIL,0.58,0.21,5.07
BRA,BUD,1.67,1,2,31,11.205,2,0.401,VIE,0.83,1.0,11.21
BRA,POD,0.771,3,1,30,18.848,1,1.0,ZAG,0.77,-1.0,6.28
BRA,SKO,1.156,4,2,31,18.193,2,0.807,SOF,0.58,0.22,4.55
BRA,OSL,0.767,6,2,32,23.132,2,0.845,VIE,0.38,0.12,3.86
BRA,KIE,0.71,4,1,33,24.591,1,1.0,POZ,0.71,-1.0,6.15
BRA,NIC,0.704,6,1,33,20.182,1,1.0,SOF,0.7,-1.0,3.36
HEL,PRA,1.337,4,2,29,14.08,2,0.689,COP,0.67,0.42,3.52
HEL,VIE,1.002,5,2,31,17.137,2,0.708,COP,0.5,0.29,3.43
HEL,STO,1.852,1,2,31,9.697,2,0.46,COP,0.93,1.0,9.7
HEL,KAU,1.881,3,2,29,13.469,2,0.531,RIG,0.94,0.88,4.49
HEL,RIG,1.88,2,2,30,13.346,2,0.532,TAR,0.94,0.88,6.67
HEL,MAR,0.869,6,2,31,18.551,2,0.737,COP,0.43,0.23,3.09
HEL,PAR,1.125,5,2,29,14.689,2,0.743,COP,0.56,0.29,2.94
HEL,LJU,0.677,7,2,31,22.594,2,0.821,MIL,0.34,0.12,3.23
HEL,ZAG,0.789,8,2,30,20.204,2,0.777,MIL,0.39,0.18,2.53
HEL,SOF,0.773,8,2,29,18.975,2,0.769,MIL,0.39,0.18,2.37
HEL,TAR,1.872,1,2,31,13.282,2,0.466,KAU,0.94,1.0,13.28
HEL,LIS,0.635,8,2,32,22.17,2,0.775,COP,0.32,0.14,2.77
HEL,POR,0.648,7,2,31,22.332,2,0.787,AMS,0.32,0.14,3.19
HEL,LON,0.924,4,2,32,17.751,2,0.792,AMS,0.46,0.19,4.44
HEL,IST,0.545,9,2,31,26.299,1,1.0,SOF,0.27,-1.0,2.92
HEL,SIN,0.411,9,1,33,25.167,1,1.0,LIS,0.41,-1.0,2.8
HEL,MIL,1.108,6,2,30,14.984,2,0.72,COP,0.55,0.31,2.5
HEL,LUX,0.964,5,2,31,19.091,2,0.766,AMS,0.48,0.23,3.82
HEL,TIR,0.652,7,2,31,22.634,2,0.864,MIL,0.33,0.09,3.23
HEL,POZ,2.225,3,3,28,10.312,2,0.551,COP,0.74,1.0,3.44
HEL,THE,0.541,9,2,31,25.528,1,1.0,SOF,0.27,-1.0,2.84
HEL,MAD,0.748,7,2,31,19.385,2,0.75,AMS,0.37,0.19,2.77
HEL,POD,0.447,9,1,31,27.684,1,1.0,ZAG,0.45,-1.0,3.08
HEL,SKO,0.605,9,2,31,25.288,2,0.836,MIL,0.3,0.1,2.81
HEL,OSL,1.857,2,2,30,9.858,2,0.538,STO,0.93,0.86,4.93
HEL,KIE,0.773,4,1,29,20.353,1,1.0,POZ,0.77,-1.0,5.09
HEL,NIC,0.398,11,1,33,28.086,1,1.0,SOF,0.4,-1.0,2.55
STO,VIE,0.958,6,2,32,18.68,2,0.769,COP,0.48,0.22,3.11
STO,ZAG,0.715,9,2,31,22.133,2,0.787,MIL,0.36,0.15,2.46
STO,TAR,1.53,2,2,30,15.599,2,0.758,HEL,0.77,0.37,7.8
STO,TIR,0.591,8,2,33,25.396,2,0.874,MIL,0.3,0.07,3.17
STO,THE,0.495,10,2,32,28.399,1,1.0,SOF,0.25,-1.0,2.84
KAU,PRA,1.295,2,2,30,12.262,2,0.817,POZ,0.65,0.24,6.13
KAU,VIE,0.995,3,2,34,16.287,2,0.848,POZ,0.5,0.15,5.43
KAU,STO,1.163,4,2,28,15.349,2,0.725,HEL,0.58,0.32,3.84
KAU,RIG,1.522,1,2,31,10.008,2,0.343,HEL,0.76,1.0,10.01
KAU,MAR,0.82,5,2,34,19.373,2,0.812,POZ,0.41,0.15,3.87
KAU,PAR,1.064,5,2,30,16.111,2,0.791,POZ,0.53,0.22,3.22
KAU,LJU,0.69,5,2,34,22.713,2,0.849,POZ,0.34,0.1,4.54
KAU,ZAG,0.767,6,2,33,20.045,2,0.854,POZ,0.38,0.11,3.34
KAU,SOF,0.759,6,2,32,19.264,2,0.85,POZ,0.38,0.11,3.21
KAU,TAR,1.528,2,2,30,10.376,2,0.654,RIG,0.76,0.53,5.19
KAU,LIS,0.621,7,2,33,23.168,2,0.812,POZ,0.31,0.12,3.31
KAU,POR,0.596,7,2,34,23.979,2,0.819,POZ,0.3,0.11,3.43
KAU,LON,0.883,5,2,33,19.908,2,0.79,POZ,0.44,0.19,3.98
KAU,SIN,0.383,8,1,34,26.981,1,1.0,LIS,0.38,-1.0,3.37
KAU,MIL,1.059,4,2,31,15.455,2,0.831,POZ,0.53,0.18,3.86
KAU,LUX,0.9,4,2,33,21.125,2,0.801,POZ,0.45,0.18,5.28
KAU,TIR,0.693,5,2,33,23.618,2,0.858,MIL,0.35,0.1,4.72
KAU,POZ,1.642,1,2,31,7.831,2,0.391,HEL,0.82,1.0,7.83
KAU,THE,0.556,7,2,34,25.807,1,1.0,SOF,0.28,-1.0,3.69
KAU,MAD,0.731,6,2,34,20.987,2,0.815,POZ,0.37,0.14,3.5
KAU,POD,0.451,7,1,34,28.07,1,1.0,ZAG,0.45,-1.0,4.01
KAU,SKO,0.596,7,2,32,25.739,2,0.868,POZ,0.3,0.08,3.68
KAU,OSL,1.138,4,2,29,15.389,2,0.732,HEL,0.57,0.3,3.85
KAU,KIE,0.973,2,1,32,22.491,1,1.0,POZ,0.97,-1.0,11.25
KAU,NIC,0.414,9,1,36,28.929,1,1.0,SOF,0.41,-1.0,3.21
RIG,VIE,0.837,4,2,33,16.882,2,0.784,POZ,0.42,0.18,4.22
RIG,STO,1.09,3,2,29,14.514,2,0.74,HEL,0.55,0.28,4.84
RIG,ZAG,0.67,7,2,32,20.867,2,0.782,POZ,0.34,0.15,2.98
RIG,SOF,0.664,7,2,31,19.819,2,0.778,POZ,0.33,0.15,2.83
RIG,TAR,1.459,1,2,31,9.261,2,0.315,HEL,0.73,1.0,9.26
RIG,SIN,0.323,9,1,33,26.835,1,1.0,LIS,0.32,-1.0,2.98
RIG,TIR,0.575,6,2,32,23.663,2,0.878,MIL,0.29,0.07,3.94
RIG,THE,0.473,8,2,33,26.105,1,1.0,SOF,0.24,-1.0,3.26
RIG,SKO,0.522,8,2,31,26.166,2,0.834,SOF,0.26,0.09,3.27
GEN,PRA,2.382,2,3,24,12.738,3,0.551,FRA,0.79,0.53,6.37
GEN,VIE,2.218,2,3,32,12.875,2,0.617,MIL,0.74,0.85,6.44
GEN,HEL,1.156,5,2,31,15.733,2,0.664,FRA,0.58,0.39,3.15
GEN,STO,0.853,6,2,32,16.663,2,0.745,COP,0.43,0.22,2.78
GEN,KAU,1.069,4,2,34,16.454,2,0.726,POZ,0.53,0.29,4.11
GEN,RIG,1.067,5,2,33,16.449,2,0.716,POZ,0.53,0.3,3.29
GEN,MAR,2.456,1,3,31,9.86,3,0.386,MIL,0.82,0.75,9.86
GEN,PAR,2.714,1,4,31,9.671,4,0.403,FRA,0.68,0.54,9.67
GEN,LJU,1.32,2,2,32,13.374,2,0.888,MIL,0.66,0.15,6.69
GEN,ZAG,1.591,3,3,31,12.311,2,0.858,MIL,0.53,0.23,4.1
GEN,HAM,1.381,3,2,34,14.124,2,0.678,AMS,0.69,0.44,4.71
GEN,SOF,1.546,3,3,30,11.155,2,0.85,MIL,0.52,0.23,3.72
GEN,TAR,1.071,6,2,32,16.604,2,0.717,POZ,0.54,0.3,2.77
GEN,LIS,1.279,3,2,34,11.622,2,0.673,MAD,0.64,0.42,3.87
GEN,POR,1.268,3,2,33,12.062,2,0.668,MAD,0.63,0.42,4.02
GEN,LON,2.014,2,3,34,12.08,2,0.744,PAR,0.67,0.52,6.04
GEN,IST,0.91,4,2,32,15.757,1,1.0,SOF,0.46,-1.0,3.94
GEN,SIN,0.633,4,1,35,12.181,1,1.0,LIS,0.63,-1.0,3.05
GEN,MIL,2.871,1,3,31,8.937,3,0.388,MAR,0.96,0.88,8.94
GEN,LUX,1.785,2,2,31,13.426,2,0.698,FRA,0.89,0.54,6.71
GEN,TIR,1.215,2,2,32,13.062,2,0.925,MIL,0.61,0.09,6.53
GEN,POZ,1.463,3,2,32,13.76,2,0.633,AMS,0.73,0.54,4.59
GEN,THE,0.918,4,2,32,14.798,1,1.0,SOF,0.46,-1.0,3.7
GEN,MAD,1.91,2,2,31,11.425,2,0.554,MAR,0.95,0.85,5.71
GEN,POD,0.665,4,1,32,15.974,1,1.0,ZAG,0.67,-1.0,3.99
GEN,SKO,1.066,4,2,32,15.325,2,0.9,MIL,0.53,0.11,3.83
GEN,OSL,0.836,5,2,32,16.259,2,0.754,COP,0.42,0.21,3.25
GEN,KIE,0.668,4,1,33,17.174,1,1.0,POZ,0.67,-1.0,4.29
GEN,NIC,0.638,6,1,34,16.535,1,1.0,SOF,0.64,-1.0,2.76
MAR,PRA,1.949,3,3,24,15.122,3,0.646,GEN,0.65,0.34,5.04
MAR,VIE,1.98,2,3,32,15.24,2,0.738,MIL,0.66,0.52,7.62
MAR,STO,0.842,7,2,32,20.482,2,0.76,COP,0.42,0.2,2.93
MAR,RIG,1.05,6,2,33,20.119,2,0.745,POZ,0.53,0.27,3.35
MAR,PAR,2.408,2,3,27,12.817,3,0.589,GEN,0.8,0.49,6.41
MAR,ZAG,1.635,3,3,31,15.542,2,0.891,MIL,0.55,0.18,5.18
MAR,SOF,1.64,3,3,30,14.28,2,0.892,MIL,0.55,0.18,4.76
MAR,TAR,1.023,7,2,32,20.364,2,0.754,POZ,0.51,0.25,2.91
MAR,POR,1.518,3,2,31,12.875,2,0.768,MAD,0.76,0.35,4.29
MAR,SIN,0.744,3,1,31,9.59,1,1.0,LIS,0.74,-1.0,3.2
MAR,MIL,2.349,1,3,31,9.481,3,0.512,GEN,0.78,0.57,9.48
MAR,TIR,1.325,2,2,32,16.825,2,0.95,MIL,0.66,0.07,8.41
MAR,POZ,1.337,4,2,31,16.735,2,0.716,GEN,0.67,0.38,4.18
MAR,THE,0.997,4,2,32,18.136,1,1.0,SOF,0.5,-1.0,4.53
MAR,POD,0.724,4,1,32,19.129,1,1.0,ZAG,0.72,-1.0,4.78
MAR,SKO,1.145,4,2,32,18.714,2,0.94,MIL,0.57,0.07,4.68
MAR,OSL,0.834,6,2,31,20.244,2,0.751,COP,0.42,0.21,3.37
MAR,NIC,0.684,6,1,34,19.762,1,1.0,SOF,0.68,-1.0,3.29
BIL,PRA,1.329,4,2,25,16.285,2,0.695,PAR,0.66,0.41,4.07
BIL,VIE,1.306,4,2,29,16.862,2,0.669,PAR,0.65,0.43,4.22
BIL,BRA,0.952,5,2,34,20.624,2,0.75,MIL,0.48,0.24,4.12
BIL,HEL,0.972,6,2,32,21.07,2,0.803,PAR,0.49,0.19,3.51
BIL,STO,0.765,7,2,34,23.072,2,0.817,PAR,0.38,0.14,3.3
BIL,KAU,0.917,6,2,33,22.103,2,0.791,PAR,0.46,0.19,3.68
BIL,RIG,0.912,7,2,32,22.377,2,0.795,PAR,0.46,0.19,3.2
BIL,GEN,1.915,2,2,34,12.913,2,0.57,PAR,0.96,0.82,6.46
BIL,MAR,1.853,2,2,28,11.964,2,0.54,MAD,0.93,0.85,5.98
BIL,PAR,1.841,1,2,31,10.211,2,0.457,MAR,0.92,1.0,10.21
BIL,LJU,0.933,4,2,34,21.366,2,0.872,MIL,0.47,0.12,5.34
BIL,ZAG,1.062,5,2,33,18.861,2,0.836,MIL,0.53,0.17,3.77
BIL,HAM,1.093,4,2,31,18.866,2,0.8,PAR,0.55,0.22,4.72
BIL,BUC,0.866,6,2,33,22.572,2,0.837,MIL,0.43,0.14,3.76
BIL,SOF,1.058,5,2,32,17.723,2,0.845,MIL,0.53,0.16,3.54
BIL,TAR,0.94,7,2,31,22.411,2,0.793,PAR,0.47,0.19,3.2
BIL,LIS,1.999,2,2,30,9.831,2,0.5,POR,1.0,1.0,4.92
BIL,POR,1.991,1,2,31,10.346,2,0.498,LIS,1.0,1.0,10.35
BIL,COP,1.059,5,2,34,19.986,2,0.79,PAR,0.53,0.22,4.0
BIL,LON,1.431,2,2,34,15.725,2,0.869,PAR,0.72,0.19,7.86
BIL,IST,0.695,6,2,34,24.68,1,1.0,SOF,0.35,-1.0,4.11
BIL,DUB,1.23,3,2,33,17.727,2,0.931,PAR,0.61,0.08,5.91
BIL,SIN,0.726,3,1,31,8.921,1,1.0,LIS,0.73,-1.0,2.97
BIL,MIL,1.556,3,2,34,12.338,2,0.596,MAR,0.78,0.63,4.11
BIL,BRU,1.475,2,2,34,16.183,2,0.784,PAR,0.74,0.32,8.09
BIL,LUX,1.292,3,2,33,19.284,2,0.816,PAR,0.65,0.24,6.43
BIL,TIR,0.882,4,2,35,21.59,2,0.905,MIL,0.44,0.08,5.4
BIL,POZ,1.129,5,2,34,17.829,2,0.759,PAR,0.56,0.27,3.57
BIL,THE,0.663,6,2,34,23.017,1,1.0,SOF,0.33,-1.0,3.84
BIL,COR,1.235,2,2,34,17.761,2,0.93,PAR,0.62,0.09,8.88
BIL,FRA,1.646,3,2,34,13.626,2,0.681,PAR,0.82,0.53,4.54
BIL,MAD,2.67,1,3,29,8.992,3,0.367,LIS,0.89,0.85,8.99
BIL,BUD,1.075,6,2,33,18.78,2,0.785,MIL,0.54,0.23,3.13
BIL,POD,0.542,6,1,34,24.958,1,1.0,ZAG,0.54,-1.0,4.16
BIL,SKO,0.755,6,2,35,24.013,2,0.875,MIL,0.38,0.09,4.0
BIL,OSL,0.778,6,2,34,23.006,2,0.827,PAR,0.39,0.13,3.83
BIL,KIE,0.694,6,1,35,26.077,1,1.0,POZ,0.69,-1.0,4.35
BIL,NIC,0.484,8,1,36,25.1,1,1.0,SOF,0.48,-1.0,3.14
PAR,PRA,1.752,3,3,22,13.119,3,0.56,GEN,0.58,0.39,4.37
PAR,VIE,1.636,3,3,28,13.674,2,0.646,GEN,0.55,0.58,4.56
PAR,STO,0.809,6,2,31,17.245,2,0.741,COP,0.4,0.21,2.87
PAR,RIG,1.032,6,2,29,16.992,2,0.726,POZ,0.52,0.28,2.83
PAR,ZAG,1.202,4,3,30,13.95,2,0.817,MIL,0.4,0.22,3.49
PAR,SOF,1.212,4,3,29,13.078,2,0.822,MIL,0.4,0.22,3.27
PAR,TAR,1.035,6,2,28,17.173,2,0.733,POZ,0.52,0.28,2.86
PAR,POR,1.515,2,2,30,10.982,2,0.753,BIL,0.76,0.37,5.49
PAR,SIN,0.786,4,1,32,12.254,1,1.0,LIS,0.79,-1.0,3.06
PAR,TIR,0.952,3,2,32,15.682,2,0.9,MIL,0.48,0.1,5.23
PAR,POZ,1.39,4,2,31,14.539,2,0.623,AMS,0.69,0.52,3.63
PAR,THE,0.743,5,2,31,17.244,1,1.0,SOF,0.37,-1.0,3.45
PAR,POD,0.569,5,1,31,18.684,1,1.0,ZAG,0.57,-1.0,3.74
PAR,SKO,0.813,5,2,32,17.77,2,0.871,MIL,0.41,0.1,3.55
LJU,PRA,1.311,3,2,31,16.485,2,0.847,MIL,0.66,0.2,5.5
LJU,VIE,1.778,2,2,29,16.312,2,0.736,MIL,0.89,0.47,8.16
LJU,STO,0.687,8,2,32,24.675,2,0.884,MIL,0.34,0.08,3.08
LJU,RIG,0.827,6,2,33,23.191,2,0.872,MIL,0.41,0.11,3.87
LJU,MAR,1.296,2,2,32,17.114,2,0.925,MIL,0.65,0.1,8.56
LJU,PAR,1.303,3,2,31,16.076,2,0.881,MIL,0.65,0.16,5.36
LJU,ZAG,1.768,1,2,31,11.105,2,0.435,MIL,0.88,1.0,11.11
LJU,SOF,1.995,3,2,30,15.356,2,0.633,ZAG,1.0,0.73,5.12
LJU,TAR,0.83,7,2,32,23.727,2,0.883,MIL,0.41,0.1,3.39
LJU,POR,0.922,5,2,33,21.622,2,0.937,MIL,0.46,0.06,4.32
LJU,LON,1.08,4,2,34,19.6,2,0.9,MIL,0.54,0.11,4.9
LJU,SIN,0.531,5,1,35,24.395,1,1.0,LIS,0.53,-1.0,4.88
LJU,MIL,1.908,1,2,31,7.982,2,0.476,ZAG,0.95,1.0,7.98
LJU,LUX,1.037,4,2,33,21.383,2,0.894,MIL,0.52,0.11,5.35
LJU,TIR,1.379,2,2,32,19.79,2,0.737,MIL,0.69,0.36,9.89
LJU,POZ,1.032,4,2,32,19.175,2,0.869,MIL,0.52,0.14,4.79
LJU,THE,1.041,4,2,32,20.131,1,1.0,SOF,0.52,-1.0,5.03
LJU,MAD,1.138,3,2,32,19.184,2,0.931,MIL,0.57,0.08,6.39
LJU,POD,1.0,2,1,32,19.71,1,1.0,ZAG,1.0,-1.0,9.86
LJU,SKO,1.38,3,2,31,19.996,2,0.759,SOF,0.69,0.33,6.67
LJU,OSL,0.684,7,2,32,24.372,2,0.886,MIL,0.34,0.08,3.48
LJU,NIC,0.714,6,1,34,21.171,1,1.0,SOF,0.71,-1.0,3.53
BER,PRA,1.69,2,2,31,12.513,2,0.635,POZ,0.84,0.62,6.26
BER,VIE,1.159,3,2,34,15.676,2,0.719,PRA,0.58,0.33,5.23
BER,BRA,0.848,4,2,33,20.256,2,0.802,VIE,0.42,0.17,5.06
BER,HEL,2.351,2,3,29,13.543,2,0.634,COP,0.78,0.86,6.77
BER,STO,1.529,3,2,31,12.52,2,0.8,COP,0.76,0.31,4.17
BER,KAU,1.921,2,2,31,14.365,2,0.578,COP,0.96,0.81,7.18
BER,RIG,1.932,3,2,30,14.337,2,0.573,POZ,0.97,0.82,4.78
BER,GEN,1.341,4,2,34,14.81,2,0.632,FRA,0.67,0.49,3.7
BER,MAR,0.986,5,2,34,17.36,2,0.661,AMS,0.49,0.33,3.47
BER,BIL,0.862,5,2,34,18.575,2,0.719,AMS,0.43,0.24,3.71
BER,PAR,1.404,4,2,31,14.341,2,0.686,AMS,0.7,0.44,3.59
BER,LJU,0.768,5,2,34,21.297,2,0.821,MIL,0.38,0.14,4.26
BER,ZAG,0.872,6,2,33,18.893,2,0.77,MIL,0.44,0.2,3.15
BER,HAM,2.287,1,3,31,9.303,3,0.456,COP,0.76,0.62,9.3
BER,BUC,0.697,6,2,33,22.539,2,0.79,MIL,0.35,0.15,3.76
BER,SOF,0.869,6,2,32,17.671,2,0.754,MIL,0.43,0.21,2.95
BER,TAR,1.919,3,2,29,14.474,2,0.585,COP,0.96,0.8,4.82
BER,LIS,0.706,7,2,34,20.504,2,0.747,PAR,0.35,0.18,2.93
BER,POR,0.694,6,2,34,20.916,2,0.735,PAR,0.35,0.18,3.49
BER,COP,2.9,1,3,31,12.357,3,0.43,HAM,0.97,0.83,12.36
BER,LON,1.103,3,2,34,16.5,2,0.787,AMS,0.55,0.23,5.5
BER,IST,0.591,7,2,34,24.308,1,1.0,SOF,0.3,-1.0,3.47
BER,DUB,0.89,4,2,33,18.909,2,0.817,AMS,0.45,0.16,4.73
BER,SIN,0.417,8,1,35,23.222,1,1.0,LIS,0.42,-1.0,2.9
BER,MIL,1.27,4,2,32,14.33,2,0.669,PRA,0.64,0.42,3.58
BER,BRU,1.314,3,2,34,15.944,2,0.728,AMS,0.66,0.36,5.31
BER,LUX,1.126,4,2,33,18.226,2,0.758,AMS,0.56,0.27,4.56
BER,TIR,0.718,5,2,33,21.584,2,0.864,MIL,0.36,0.1,4.32
BER,POZ,2.46,1,3,25,9.787,3,0.478,COP,0.82,0.64,9.79
BER,THE,0.586,7,2,34,23.714,1,1.0,SOF,0.29,-1.0,3.39
BER,COR,0.912,5,2,34,18.951,2,0.816,AMS,0.46,0.17,3.79
BER,FRA,1.788,3,2,34,13.613,2,0.599,HAM,0.89,0.72,4.54
BER,MAD,0.852,6,2,34,18.611,2,0.705,AMS,0.43,0.25,3.1
BER,BUD,0.926,5,2,32,18.584,2,0.731,PRA,0.46,0.25,3.72
BER,POD,0.473,7,1,34,26.166,1,1.0,ZAG,0.47,-1.0,3.74
BER,SKO,0.649,7,2,33,23.887,2,0.843,MIL,0.32,0.1,3.41
BER,OSL,1.528,2,2,31,11.975,2,0.798,COP,0.76,0.31,5.99
BER,KIE,0.912,2,1,26,17.729,1,1.0,POZ,0.91,-1.0,8.86
BER,NIC,0.43,9,1,36,26.294,1,1.0,SOF,0.43,-1.0,2.92
HAM,PRA,1.684,3,2,22,12.185,2,0.503,POZ,0.84,0.84,4.06
HAM,VIE,1.286,4,2,34,15.976,2,0.68,PRA,0.64,0.41,3.99
HAM,HEL,2.155,2,3,28,12.873,2,0.726,COP,0.72,0.59,6.44
HAM,STO,1.529,3,2,30,11.648,2,0.844,COP,0.76,0.24,3.88
HAM,KAU,1.769,3,2,31,14.386,2,0.672,COP,0.88,0.58,4.8
HAM,RIG,1.738,4,2,30,14.353,2,0.678,COP,0.87,0.56,3.59
HAM,MAR,1.123,4,2,34,16.663,2,0.74,AMS,0.56,0.29,4.17
HAM,PAR,1.488,3,2,30,13.258,2,0.747,AMS,0.74,0.38,4.42
HAM,LJU,0.875,5,2,34,21.272,2,0.843,MIL,0.44,0.14,4.25
HAM,ZAG,1.01,6,2,33,18.727,2,0.788,MIL,0.51,0.21,3.12
HAM,SOF,0.99,6,2,32,17.477,2,0.797,MIL,0.49,0.2,2.91
HAM,TAR,1.771,3,2,29,14.207,2,0.684,COP,0.89,0.56,4.74
HAM,LIS,0.804,6,2,33,19.555,2,0.829,AMS,0.4,0.14,3.26
HAM,POR,0.833,5,2,34,19.672,2,0.809,AMS,0.42,0.16,3.93
HAM,LON,1.26,2,2,32,15.518,2,0.834,AMS,0.63,0.21,7.76
HAM,IST,0.664,7,2,34,25.13,1,1.0,SOF,0.33,-1.0,3.59
HAM,SIN,0.518,7,1,34,21.39,1,1.0,LIS,0.52,-1.0,3.06
HAM,MIL,1.405,4,2,25,13.462,2,0.658,AMS,0.7,0.48,3.37
HAM,LUX,1.284,3,2,33,17.56,2,0.807,AMS,0.64,0.25,5.85
HAM,TIR,0.831,5,2,33,21.422,2,0.889,MIL,0.42,0.09,4.28
HAM,POZ,2.561,2,3,23,10.159,3,0.538,BER,0.85,0.59,5.08
HAM,THE,0.691,7,2,34,23.347,1,1.0,SOF,0.35,-1.0,3.34
HAM,MAD,0.994,5,2,34,17.436,2,0.78,AMS,0.5,0.22,3.49
HAM,POD,0.536,7,1,34,26.287,1,1.0,ZAG,0.54,-1.0,3.76
HAM,SKO,0.741,7,2,32,24.119,2,0.859,MIL,0.37,0.1,3.45
HAM,OSL,1.559,2,2,29,11.621,2,0.853,COP,0.78,0.23,5.81
HAM,KIE,0.767,3,1,24,17.52,1,1.0,POZ,0.77,-1.0,5.84
HAM,NIC,0.508,9,1,36,26.004,1,1.0,SOF,0.51,-1.0,2.89
BUC,PRA,1.271,4,2,30,17.053,2,0.757,BUD,0.64,0.31,4.26
BUC,VIE,1.699,3,2,30,13.845,2,0.754,BUD,0.85,0.42,4.62
BUC,HEL,0.815,8,2,30,23.65,2,0.787,MIL,0.41,0.17,2.96
BUC,STO,0.65,9,2,31,25.961,2,0.809,MIL,0.33,0.12,2.88
BUC,KAU,0.767,6,2,33,24.621,2,0.794,MIL,0.38,0.16,4.1
BUC,RIG,0.775,7,2,32,24.388,2,0.792,POZ,0.39,0.16,3.48
BUC,GEN,1.442,4,2,31,16.957,2,0.8,MIL,0.72,0.29,4.24
BUC,MAR,1.216,4,2,31,19.043,2,0.861,MIL,0.61,0.17,4.76
BUC,PAR,1.229,5,2,30,17.973,2,0.807,MIL,0.61,0.24,3.59
BUC,LJU,1.404,3,2,32,17.43,2,0.732,ZAG,0.7,0.38,5.81
BUC,ZAG,1.945,2,2,31,14.416,2,0.626,BUD,0.97,0.73,7.21
BUC,HAM,0.908,7,2,33,22.014,2,0.788,MIL,0.45,0.19,3.14
BUC,SOF,1.851,1,2,31,9.542,2,0.46,BUD,0.93,1.0,9.54
BUC,TAR,0.769,8,2,31,25.035,2,0.794,MIL,0.38,0.16,3.13
BUC,LIS,0.788,6,2,33,23.34,2,0.893,MIL,0.39,0.08,3.89
BUC,POR,0.799,7,2,32,24.326,2,0.89,MIL,0.4,0.09,3.48
BUC,COP,0.91,7,2,31,22.418,2,0.794,MIL,0.46,0.19,3.2
BUC,LON,0.953,6,2,33,21.685,2,0.834,MIL,0.48,0.16,3.61
BUC,IST,1.158,2,2,33,18.171,1,1.0,SOF,0.58,-1.0,9.09
BUC,DUB,0.793,7,2,32,23.917,2,0.861,PAR,0.4,0.11,3.42
BUC,SIN,0.49,7,1,34,27.435,1,1.0,LIS,0.49,-1.0,3.92
BUC,MIL,1.997,3,2,30,10.963,2,0.629,SOF,1.0,0.74,3.65
BUC,LUX,0.918,6,2,32,22.779,2,0.822,MIL,0.46,0.16,3.8
BUC,TIR,1.344,2,2,32,17.347,2,0.746,SOF,0.67,0.34,8.67
BUC,POZ,0.961,5,2,31,20.387,2,0.789,MIL,0.48,0.2,4.08
BUC,THE,1.198,2,2,33,16.983,1,1.0,SOF,0.6,-1.0,8.49
BUC,COR,0.816,6,2,33,23.906,2,0.869,PAR,0.41,0.11,3.98
BUC,FRA,1.375,5,2,31,17.455,2,0.765,MIL,0.69,0.32,3.49
BUC,MAD,0.997,5,2,31,21.195,2,0.883,MIL,0.5,0.12,4.24
BUC,BUD,1.846,1,2,31,10.195,2,0.459,SOF,0.92,1.0,10.2
BUC,POD,0.785,3,1,32,18.585,1,1.0,ZAG,0.79,-1.0,6.2
BUC,SKO,1.379,2,2,31,18.936,2,0.851,SOF,0.69,0.21,9.47
BUC,OSL,0.608,8,2,31,25.97,2,0.816,MIL,0.3,0.11,3.25
BUC,KIE,0.558,6,1,32,27.921,1,1.0,POZ,0.56,-1.0,4.65
BUC,NIC,0.837,4,1,35,18.821,1,1.0,SOF,0.84,-1.0,4.71
SOF,VIE,1.571,3,3,28,11.466,2,0.622,MIL,0.52,0.59,3.82
SOF,STO,0.59,9,2,30,21.347,2,0.786,MIL,0.29,0.13,2.37
SOF,ZAG,2.243,2,3,29,9.638,3,0.446,BEL,0.75,0.62,4.82
SOF,TAR,0.694,8,2,30,19.869,2,0.789,MIL,0.35,0.15,2.48
SOF,TIR,1.493,1,2,30,7.748,2,0.331,MIL,0.75,1.0,7.75
SOF,THE,1.999,1,2,2,1.5,2,0.5,IST,1.0,1.0,1.5
TAR,VIE,0.962,5,2,32,18.031,2,0.731,POZ,0.48,0.26,3.61
TAR,ZAG,0.764,8,2,31,21.622,2,0.766,MIL,0.38,0.18,2.7
TAR,TIR,0.624,7,2,31,24.394,2,0.873,MIL,0.31,0.08,3.48
TAR,THE,0.531,9,2,32,27.178,1,1.0,SOF,0.27,-1.0,3.02
LIS,PRA,1.125,5,2,25,17.648,2,0.781,MAD,0.56,0.25,3.53
LIS,VIE,1.1,4,2,31,17.446,2,0.789,MAD,0.55,0.23,4.36
LIS,STO,0.62,9,2,34,25.556,2,0.754,COP,0.31,0.15,2.84
LIS,RIG,0.74,8,2,32,24.628,2,0.784,MAD,0.37,0.16,3.08
LIS,MAR,1.486,2,2,30,12.108,2,0.772,MAD,0.74,0.34,6.05
LIS,PAR,1.48,3,2,31,13.135,2,0.736,MAD,0.74,0.39,4.38
LIS,LJU,0.84,4,2,34,22.192,2,0.894,MIL,0.42,0.09,5.55
LIS,ZAG,0.916,5,2,33,18.89,2,0.863,MIL,0.46,0.13,3.78
LIS,SOF,0.88,5,2,32,17.848,2,0.868,MIL,0.44,0.12,3.57
LIS,TAR,0.748,9,2,31,24.54,2,0.782,POZ,0.37,0.16,2.73
LIS,POR,1.85,1,2,31,13.488,2,0.46,BIL,0.93,1.0,13.49
LIS,LON,1.122,4,2,34,18.609,2,0.826,PAR,0.56,0.2,4.65
LIS,SIN,1.0,1,1,1,1.0,1,0.0,---,1.0,-1.0,1.0
LIS,MIL,1.293,3,2,34,12.179,2,0.769,MAD,0.65,0.3,4.06
LIS,LUX,1.01,5,2,33,21.295,2,0.759,PAR,0.51,0.24,4.26
LIS,TIR,0.755,4,2,35,21.863,2,0.937,MIL,0.38,0.05,5.47
LIS,POZ,0.918,6,2,34,20.045,2,0.768,MAD,0.46,0.21,3.34
LIS,THE,0.623,6,2,34,24.793,1,1.0,SOF,0.31,-1.0,4.13
LIS,MAD,1.996,1,2,31,9.419,2,0.499,BIL,1.0,1.0,9.42
LIS,POD,0.483,6,1,34,27.201,1,1.0,ZAG,0.48,-1.0,4.53
LIS,SKO,0.691,6,2,35,25.242,2,0.9,MIL,0.35,0.07,4.21
LIS,OSL,0.625,8,2,34,25.393,2,0.763,MAD,0.31,0.15,3.17
LIS,NIC,0.437,8,1,36,27.751,1,1.0,SOF,0.44,-1.0,3.47
POR,PRA,1.058,5,2,24,17.967,2,0.777,BIL,0.53,0.24,3.59
POR,VIE,1.051,5,2,32,18.261,2,0.773,BIL,0.53,0.24,3.65
POR,STO,0.625,8,2,33,25.366,2,0.816,BIL,0.31,0.12,3.17
POR,RIG,0.765,8,2,33,24.787,2,0.816,BIL,0.38,0.14,3.1
POR,ZAG,0.829,6,2,32,19.755,2,0.846,MIL,0.41,0.13,3.29
POR,SOF,0.86,6,2,31,18.765,2,0.853,MIL,0.43,0.13,3.13
POR,TAR,0.769,8,2,32,25.047,2,0.818,BIL,0.38,0.14,3.13
POR,SIN,1.0,2,1,32,16.864,1,1.0,LIS,1.0,-1.0,8.43
POR,TIR,0.698,5,2,34,22.397,2,0.918,MIL,0.35,0.06,4.48
POR,POZ,0.923,6,2,33,19.927,2,0.801,BIL,0.46,0.18,3.32
POR,THE,0.563,7,2,33,24.971,1,1.0,SOF,0.28,-1.0,3.57
POR,SKO,0.609,7,2,34,25.243,2,0.887,MIL,0.3,0.07,3.61
COP,PRA,1.411,3,2,31,13.0,2,0.631,HAM,0.71,0.52,4.33
COP,VIE,1.04,4,2,32,15.852,2,0.676,PRA,0.52,0.34,3.96
COP,HEL,2.925,1,3,29,8.927,3,0.342,STO,0.97,0.96,8.93
COP,STO,1.993,2,2,30,7.774,2,0.502,OSL,1.0,0.99,3.89
COP,KAU,1.903,3,2,26,12.661,2,0.525,HEL,0.95,0.9,4.22
COP,RIG,1.93,3,2,27,12.811,2,0.518,HEL,0.96,0.93,4.27
COP,GEN,1.193,4,2,32,14.363,2,0.691,HAM,0.6,0.37,3.59
COP,MAR,0.946,5,2,32,17.259,2,0.701,AMS,0.47,0.28,3.45
COP,PAR,1.271,4,2,31,13.115,2,0.737,AMS,0.64,0.33,3.28
COP,LJU,0.731,6,2,32,21.225,2,0.821,MIL,0.37,0.13,3.54
COP,ZAG,0.804,7,2,31,18.949,2,0.785,MIL,0.4,0.17,2.71
COP,HAM,2.285,1,3,30,9.04,3,0.477,BER,0.76,0.6,9.04
COP,SOF,0.812,7,2,30,17.712,2,0.772,MIL,0.41,0.19,2.53
COP,TAR,1.929,2,2,28,12.647,2,0.518,HEL,0.96,0.93,6.32
COP,LIS,0.677,7,2,34,20.231,2,0.764,AMS,0.34,0.16,2.89
COP,POR,0.695,6,2,33,20.408,2,0.769,AMS,0.35,0.16,3.4
COP,LON,1.071,3,2,34,15.634,2,0.816,AMS,0.54,0.2,5.21
COP,IST,0.557,8,2,32,24.64,1,1.0,SOF,0.28,-1.0,3.08
COP,DUB,0.857,4,2,33,17.866,2,0.835,AMS,0.43,0.14,4.47
COP,SIN,0.405,8,1,35,22.676,1,1.0,LIS,0.41,-1.0,2.83
COP,MIL,1.135,5,2,32,13.902,2,0.675,HAM,0.57,0.37,2.78
COP,LUX,1.088,4,2,33,17.75,2,0.79,AMS,0.54,0.23,4.44
COP,TIR,0.686,6,2,33,21.14,2,0.877,MIL,0.34,0.08,3.52
COP,POZ,2.558,2,3,25,9.878,3,0.496,BER,0.85,0.64,4.94
COP,THE,0.573,8,2,32,23.403,1,1.0,SOF,0.29,-1.0,2.93
COP,COR,0.863,5,2,34,18.478,2,0.845,AMS,0.43,0.13,3.7
COP,FRA,1.564,3,2,32,12.592,2,0.699,HAM,0.78,0.47,4.2
COP,MAD,0.845,6,2,32,17.996,2,0.749,AMS,0.42,0.21,3.0
COP,POD,0.448,8,1,32,25.759,1,1.0,ZAG,0.45,-1.0,3.22
COP,SKO,0.624,8,2,33,24.042,2,0.842,MIL,0.31,0.1,3.01
COP,OSL,1.999,1,2,31,7.711,2,0.5,HEL,1.0,1.0,7.71
COP,KIE,0.725,3,1,26,16.673,1,1.0,POZ,0.72,-1.0,5.56
COP,NIC,0.401,10,1,34,26.677,1,1.0,SOF,0.4,-1.0,2.67
LON,PRA,1.775,3,3,25,16.291,2,0.718,PAR,0.59,0.5,5.43
LON,VIE,1.59,4,3,32,16.88,2,0.757,PAR,0.53,0.39,4.22
LON,STO,0.958,5,2,34,20.389,2,0.843,AMS,0.48,0.15,4.08
LON,RIG,1.221,6,2,32,20.534,2,0.815,AMS,0.61,0.23,3.42
LON,MAR,1.579,3,3,32,15.857,2,0.816,PAR,0.53,0.29,5.29
LON,PAR,2.931,1,3,29,6.948,3,0.341,DUB,0.98,0.97,6.95
LON,ZAG,1.152,5,3,33,18.375,2,0.815,MIL,0.38,0.21,3.67
LON,SOF,1.174,5,3,32,17.287,2,0.808,MIL,0.39,0.23,3.46
LON,TAR,1.215,5,2,31,21.229,2,0.815,AMS,0.61,0.22,4.25
LON,POR,1.191,3,2,33,18.11,2,0.889,PAR,0.6,0.13,6.04
LON,SIN,0.669,5,1,35,19.346,1,1.0,LIS,0.67,-1.0,3.87
LON,MIL,1.785,3,3,34,13.466,2,0.762,PAR,0.59,0.42,4.49
LON,LUX,1.671,3,2,33,18.472,2,0.718,PAR,0.84,0.47,6.16
LON,TIR,0.911,4,2,35,20.287,2,0.892,MIL,0.46,0.1,5.07
LON,POZ,1.7,4,2,34,17.953,2,0.791,AMS,0.85,0.36,4.49
LON,THE,0.744,6,2,34,22.365,1,1.0,SOF,0.37,-1.0,3.73
LON,MAD,1.5,3,2,32,16.24,2,0.866,PAR,0.75,0.2,5.41
LON,POD,0.558,6,1,34,24.224,1,1.0,ZAG,0.56,-1.0,4.04
LON,SKO,0.814,6,2,35,22.408,2,0.867,MIL,0.41,0.11,3.73
LON,OSL,0.954,4,2,34,19.675,2,0.846,AMS,0.48,0.15,4.92
LON,NIC,0.5,8,1,36,24.72,1,1.0,SOF,0.5,-1.0,3.09
BEL,PRA,1.125,5,3,29,15.866,2,0.797,MIL,0.38,0.23,3.17
BEL,VIE,1.526,4,3,30,13.786,2,0.667,MIL,0.51,0.51,3.45
BEL,BRA,1.412,3,2,31,17.304,2,0.667,SOF,0.71,0.47,5.77
BEL,HEL,0.759,9,2,30,22.228,2,0.81,MIL,0.38,0.14,2.47
BEL,STO,0.602,10,2,32,24.936,2,0.83,MIL,0.3,0.1,2.49
BEL,KAU,0.721,7,2,32,23.227,2,0.822,MIL,0.36,0.13,3.32
BEL,RIG,0.715,8,2,31,23.588,2,0.835,MIL,0.36,0.12,2.95
BEL,GEN,1.316,4,3,31,15.245,2,0.846,MIL,0.44,0.2,3.81
BEL,MAR,1.161,4,3,31,17.394,2,0.9,MIL,0.39,0.12,4.35
BEL,BIL,0.995,6,2,34,19.718,2,0.904,MIL,0.5,0.1,3.29
BEL,PAR,1.16,5,3,31,16.345,2,0.847,MIL,0.39,0.18,3.27
BEL,LJU,1.51,2,2,31,15.039,2,0.751,ZAG,0.76,0.38,7.52
BEL,ZAG,1.888,1,3,31,9.171,2,0.471,SOF,0.63,1.0,9.17
BEL,BER,0.842,7,2,32,21.636,2,0.827,MIL,0.42,0.15,3.09
BEL,HAM,0.835,7,2,32,20.93,2,0.823,MIL,0.42,0.15,2.99
BEL,BUC,1.623,2,2,30,17.069,2,0.678,SOF,0.81,0.52,8.53
BEL,SOF,2.886,1,3,30,6.511,3,0.346,SKO,0.96,0.94,6.51
BEL,TAR,0.708,9,2,30,23.763,2,0.822,MIL,0.35,0.13,2.64
BEL,LIS,0.784,6,2,34,22.004,2,0.92,MIL,0.39,0.06,3.67
BEL,POR,0.807,7,2,33,22.22,2,0.908,MIL,0.4,0.07,3.17
BEL,COP,0.838,8,2,32,21.267,2,0.824,MIL,0.42,0.15,2.66
BEL,LON,0.935,6,3,34,19.941,2,0.864,MIL,0.31,0.13,3.32
BEL,IST,1.351,2,2,32,14.297,1,1.0,SOF,0.68,-1.0,7.15
BEL,DUB,0.794,7,2,33,21.937,2,0.871,MIL,0.4,0.1,3.13
BEL,SIN,0.458,7,1,35,24.581,1,1.0,LIS,0.46,-1.0,3.51
BEL,MIL,2.068,3,3,29,9.073,2,0.632,SOF,0.69,0.76,3.02
BEL,BRU,1.014,6,3,34,19.244,2,0.845,MIL,0.34,0.16,3.21
BEL,LUX,0.891,6,2,33,21.488,2,0.851,MIL,0.45,0.13,3.58
BEL,TIR,1.311,2,2,31,14.832,2,0.768,SOF,0.66,0.3,7.42
BEL,POZ,0.884,6,2,32,19.001,2,0.831,MIL,0.44,0.15,3.17
BEL,THE,1.402,2,2,32,13.128,1,1.0,SOF,0.7,-1.0,6.56
BEL,COR,0.793,6,2,34,22.236,2,0.875,MIL,0.4,0.1,3.71
BEL,FRA,1.258,5,3,32,15.926,2,0.819,MIL,0.42,0.23,3.19
BEL,MAD,0.965,5,2,31,19.495,2,0.907,MIL,0.48,0.09,3.9
BEL,BUD,2.08,2,3,29,12.917,2,0.631,SOF,0.69,0.77,6.46
BEL,POD,0.941,2,1,32,19.379,1,1.0,ZAG,0.94,-1.0,9.69
BEL,SKO,1.878,1,2,31,10.237,2,0.468,SOF,0.94,1.0,10.24
BEL,OSL,0.614,9,2,32,25.055,2,0.83,MIL,0.31,0.1,2.78
BEL,KIE,0.524,7,1,33,26.761,1,1.0,POZ,0.52,-1.0,3.82
BEL,NIC,0.946,4,1,34,14.869,1,1.0,SOF,0.95,-1.0,3.72
IST,PRA,1.055,5,2,31,18.864,1,1.0,SOF,0.53,-1.0,3.77
IST,VIE,1.207,4,2,30,16.165,1,1.0,SOF,0.6,-1.0,4.04
IST,STO,0.604,10,2,32,29.274,1,1.0,SOF,0.3,-1.0,2.93
IST,KAU,0.732,7,2,34,27.329,1,1.0,SOF,0.37,-1.0,3.9
IST,RIG,0.728,8,2,33,27.438,1,1.0,SOF,0.36,-1.0,3.43
IST,MAR,1.034,4,2,32,20.852,1,1.0,SOF,0.52,-1.0,5.21
IST,PAR,1.028,5,2,31,19.077,1,1.0,SOF,0.51,-1.0,3.82
IST,LJU,1.14,4,2,32,20.24,1,1.0,SOF,0.57,-1.0,5.06
IST,ZAG,1.369,3,2,31,13.379,1,1.0,SOF,0.68,-1.0,4.46
IST,SOF,1.999,1,2,2,2.484,2,0.5,THE,1.0,1.0,2.48
IST,TAR,0.731,9,2,32,27.434,1,1.0,SOF,0.37,-1.0,3.05
IST,LIS,0.771,6,2,34,26.732,1,1.0,SOF,0.39,-1.0,4.46
IST,POR,0.805,7,2,33,26.686,1,1.0,SOF,0.4,-1.0,3.81
IST,LON,0.877,6,2,34,23.64,1,1.0,SOF,0.44,-1.0,3.94
IST,SIN,0.475,7,1,35,30.201,1,1.0,SOF,0.47,-1.0,4.31
IST,MIL,1.414,3,2,31,9.941,1,1.0,SOF,0.71,-1.0,3.31
IST,LUX,0.851,6,2,33,25.419,1,1.0,SOF,0.43,-1.0,4.24
IST,TIR,1.271,2,2,32,18.743,1,1.0,SOF,0.64,-1.0,9.37
IST,POZ,0.859,6,2,32,22.477,1,1.0,SOF,0.43,-1.0,3.75
IST,THE,1.995,1,2,2,16.436,2,0.499,SOF,1.0,1.0,16.44
IST,MAD,0.934,5,2,32,23.105,1,1.0,SOF,0.47,-1.0,4.62
IST,POD,0.819,4,1,32,28.257,1,1.0,ZAG,0.82,-1.0,7.06
IST,SKO,1.405,2,2,33,19.831,1,1.0,SOF,0.7,-1.0,9.92
IST,OSL,0.611,9,2,32,28.924,1,1.0,SOF,0.31,-1.0,3.21
IST,KIE,0.555,7,1,33,31.207,1,1.0,SOF,0.56,-1.0,4.46
IST,NIC,1.0,3,1,4,16.437,1,1.0,THE,1.0,-1.0,5.48
DUB,PRA,1.255,4,2,24,17.036,2,0.794,PAR,0.63,0.26,4.26
DUB,VIE,1.149,5,2,33,17.782,2,0.817,PAR,0.57,0.21,3.56
DUB,HEL,1.004,5,2,31,22.285,2,0.808,AMS,0.5,0.19,4.46
DUB,STO,0.787,6,2,33,23.821,2,0.835,AMS,0.39,0.13,3.97
DUB,KAU,0.981,6,2,33,23.205,2,0.801,AMS,0.49,0.2,3.87
DUB,RIG,0.94,7,2,32,23.401,2,0.806,AMS,0.47,0.18,3.34
DUB,GEN,1.386,3,2,33,13.534,2,0.823,PAR,0.69,0.25,4.51
DUB,MAR,1.192,4,2,33,17.04,2,0.859,PAR,0.6,0.17,4.26
DUB,PAR,1.998,2,2,30,6.512,2,0.5,COR,1.0,1.0,3.26
DUB,LJU,0.814,5,2,33,22.891,2,0.859,MIL,0.41,0.11,4.58
DUB,ZAG,0.926,6,2,32,20.07,2,0.847,PAR,0.46,0.14,3.35
DUB,HAM,1.168,3,2,33,20.46,2,0.806,AMS,0.58,0.23,6.82
DUB,SOF,0.906,6,2,31,18.682,2,0.835,PAR,0.45,0.15,3.11
DUB,TAR,0.948,6,2,31,23.646,2,0.799,AMS,0.47,0.19,3.94
DUB,LIS,0.978,5,2,33,20.886,2,0.925,PAR,0.49,0.07,4.18
DUB,POR,1.01,4,2,33,21.669,2,0.92,PAR,0.51,0.08,5.42
DUB,LON,1.996,1,2,31,12.747,2,0.499,PAR,1.0,1.0,12.75
DUB,IST,0.645,7,2,33,26.367,1,1.0,SOF,0.32,-1.0,3.77
DUB,SIN,0.586,6,1,34,23.618,1,1.0,LIS,0.59,-1.0,3.94
DUB,MIL,1.273,4,2,33,14.207,2,0.83,PAR,0.64,0.22,3.55
DUB,LUX,1.263,4,2,32,19.954,2,0.801,PAR,0.63,0.25,4.99
DUB,TIR,0.773,5,2,34,22.433,2,0.898,MIL,0.39,0.08,4.49
DUB,POZ,1.188,5,2,33,19.008,2,0.787,PAR,0.59,0.25,3.8
DUB,THE,0.641,7,2,33,25.788,1,1.0,SOF,0.32,-1.0,3.68
DUB,FRA,1.549,3,2,33,13.265,2,0.76,PAR,0.77,0.37,4.42
DUB,MAD,1.126,4,2,33,18.728,2,0.907,PAR,0.56,0.1,4.68
DUB,POD,0.517,7,1,33,28.143,1,1.0,ZAG,0.52,-1.0,4.02
DUB,SKO,0.699,7,2,34,25.544,2,0.881,MIL,0.35,0.08,3.65
DUB,OSL,0.8,5,2,33,23.985,2,0.832,AMS,0.4,0.13,4.8
DUB,KIE,0.668,6,1,34,26.622,1,1.0,POZ,0.67,-1.0,4.44
DUB,NIC,0.471,9,1,35,28.367,1,1.0,SOF,0.47,-1.0,3.15
SIN,VIE,0.689,5,1,32,18.653,1,1.0,LIS,0.69,-1.0,3.73
SIN,STO,0.478,10,1,35,28.614,1,1.0,LIS,0.48,-1.0,2.86
SIN,ZAG,0.602,6,1,34,20.929,1,1.0,LIS,0.6,-1.0,3.49
SIN,SOF,0.601,6,1,33,20.045,1,1.0,LIS,0.6,-1.0,3.34
SIN,TAR,0.534,10,1,32,26.965,1,1.0,LIS,0.53,-1.0,2.7
SIN,TIR,0.558,5,1,36,24.978,1,1.0,LIS,0.56,-1.0,5.0
SIN,THE,0.467,7,1,35,27.94,1,1.0,SOF,0.47,-1.0,3.99
SIN,SKO,0.505,7,1,36,28.595,1,1.0,LIS,0.51,-1.0,4.08
MIL,PRA,2.153,2,3,22,10.188,3,0.492,GEN,0.72,0.55,5.09
MIL,VIE,2.487,1,3,23,8.971,3,0.346,PRA,0.83,0.81,8.97
MIL,STO,0.799,7,2,32,15.989,2,0.744,COP,0.4,0.2,2.28
MIL,RIG,1.019,5,2,30,15.404,2,0.721,POZ,0.51,0.28,3.08
MIL,PAR,2.189,2,3,31,9.612,3,0.644,GEN,0.73,0.39,4.81
MIL,ZAG,2.229,2,3,30,6.917,3,0.448,LJU,0.74,0.62,3.46
MIL,SOF,2.212,2,3,29,6.162,3,0.452,TIR,0.74,0.61,3.08
MIL,TAR,1.048,6,2,29,15.583,2,0.733,POZ,0.52,0.28,2.6
MIL,POR,1.253,4,2,33,12.354,2,0.747,MAD,0.63,0.32,3.09
MIL,SIN,0.648,4,1,35,12.273,1,1.0,LIS,0.65,-1.0,3.07
MIL,TIR,1.5,1,2,30,5.447,2,0.334,SOF,0.75,1.0,5.45
MIL,POZ,1.371,3,2,32,12.176,2,0.643,PRA,0.69,0.49,4.06
MIL,THE,0.924,3,2,31,8.157,1,1.0,SOF,0.46,-1.0,2.72
MIL,POD,0.658,3,1,31,8.807,1,1.0,ZAG,0.66,-1.0,2.94
MIL,SKO,1.117,3,2,29,9.031,2,0.774,SOF,0.56,0.25,3.01
MIL,OSL,0.828,6,2,32,15.681,2,0.762,COP,0.41,0.2,2.61
MIL,NIC,0.668,5,1,33,10.198,1,1.0,SOF,0.67,-1.0,2.04
BRU,PRA,1.733,3,3,25,15.066,3,0.633,FRA,0.58,0.32,5.02
BRU,VIE,1.512,4,3,34,15.886,2,0.636,FRA,0.5,0.55,3.97
BRU,HEL,1.318,4,2,32,17.875,2,0.757,AMS,0.66,0.32,4.47
BRU,STO,0.928,5,2,34,18.254,2,0.773,AMS,0.46,0.21,3.65
BRU,KAU,1.163,5,2,34,18.765,2,0.741,AMS,0.58,0.3,3.75
BRU,RIG,1.172,6,2,33,18.844,2,0.742,AMS,0.59,0.3,3.14
BRU,GEN,1.993,2,3,31,12.795,3,0.635,PAR,0.66,0.36,6.4
BRU,MAR,1.553,3,3,34,15.307,3,0.697,PAR,0.52,0.24,5.1
BRU,PAR,2.53,1,3,31,10.398,3,0.487,AMS,0.84,0.65,10.4
BRU,LJU,0.944,4,2,34,19.23,2,0.836,MIL,0.47,0.15,4.81
BRU,ZAG,1.097,5,3,33,17.374,2,0.801,MIL,0.37,0.22,3.47
BRU,HAM,1.647,2,2,34,15.884,2,0.768,AMS,0.82,0.38,7.94
BRU,BUC,0.845,6,2,33,20.701,2,0.813,MIL,0.42,0.16,3.45
BRU,SOF,1.093,5,3,32,16.107,2,0.811,MIL,0.36,0.21,3.22
BRU,TAR,1.201,5,2,32,18.987,2,0.754,AMS,0.6,0.3,3.8
BRU,LIS,1.075,4,2,34,16.215,2,0.826,PAR,0.54,0.19,4.05
BRU,POR,1.123,3,2,34,17.093,2,0.815,PAR,0.56,0.21,5.7
BRU,COP,1.497,3,2,34,17.1,2,0.747,AMS,0.75,0.38,5.7
BRU,LON,2.139,2,3,34,14.4,2,0.632,PAR,0.71,0.79,7.2
BRU,IST,0.699,6,2,34,21.865,1,1.0,SOF,0.35,-1.0,3.64
BRU,DUB,1.571,3,2,33,15.635,2,0.787,PAR,0.79,0.33,5.21
BRU,SIN,0.633,5,1,35,17.89,1,1.0,LIS,0.63,-1.0,3.58
BRU,MIL,1.749,3,3,34,12.993,3,0.636,PAR,0.58,0.32,4.33
BRU,LUX,1.833,1,2,31,11.022,2,0.455,FRA,0.92,1.0,11.02
BRU,TIR,0.877,4,2,35,19.433,2,0.893,MIL,0.44,0.09,4.86
BRU,POZ,1.685,4,2,34,16.392,2,0.738,AMS,0.84,0.44,4.1
BRU,THE,0.693,6,2,34,21.152,1,1.0,SOF,0.35,-1.0,3.53
BRU,COR,1.558,2,2,34,15.798,2,0.792,PAR,0.78,0.32,7.9
BRU,FRA,2.902,2,3,30,10.826,3,0.503,AMS,0.97,0.72,5.41
BRU,MAD,1.385,3,2,34,15.479,2,0.794,PAR,0.69,0.29,5.16
BRU,BUD,1.145,6,3,33,17.393,2,0.738,MIL,0.38,0.3,2.9
BRU,POD,0.533,6,1,34,22.957,1,1.0,ZAG,0.53,-1.0,3.83
BRU,SKO,0.769,6,2,35,21.357,2,0.854,MIL,0.38,0.11,3.56
BRU,OSL,0.947,4,2,34,18.282,2,0.777,AMS,0.47,0.21,4.57
BRU,KIE,0.735,5,1,35,21.124,1,1.0,POZ,0.73,-1.0,4.22
BRU,NIC,0.494,8,1,36,23.422,1,1.0,SOF,0.49,-1.0,2.93
LUX,PRA,1.725,2,2,24,16.088,2,0.791,FRA,0.86,0.36,8.04
LUX,VIE,1.587,3,2,33,17.512,2,0.801,FRA,0.79,0.32,5.84
LUX,STO,0.917,6,2,33,21.084,2,0.776,AMS,0.46,0.21,3.51
LUX,RIG,1.236,5,2,32,21.683,2,0.783,FRA,0.62,0.27,4.34
LUX,MAR,1.548,3,2,33,17.507,2,0.758,FRA,0.77,0.37,5.84
LUX,PAR,1.953,2,2,30,12.902,2,0.633,BRU,0.98,0.72,6.45
LUX,ZAG,1.164,5,2,32,18.976,2,0.801,FRA,0.58,0.23,3.8
LUX,SOF,1.178,5,2,31,17.951,2,0.809,FRA,0.59,0.22,3.59
LUX,TAR,1.236,6,2,31,21.868,2,0.792,FRA,0.62,0.26,3.64
LUX,POR,1.083,4,2,33,20.094,2,0.789,PAR,0.54,0.23,5.02
LUX,SIN,0.603,6,1,34,20.815,1,1.0,LIS,0.6,-1.0,3.47
LUX,MIL,1.735,3,2,33,14.523,2,0.784,FRA,0.87,0.37,4.84
LUX,TIR,0.942,4,2,34,21.171,2,0.884,MIL,0.47,0.11,5.29
LUX,POZ,1.658,3,2,33,18.258,2,0.779,FRA,0.83,0.37,6.09
LUX,THE,0.743,6,2,33,22.994,1,1.0,SOF,0.37,-1.0,3.83
LUX,MAD,1.321,4,2,33,18.897,2,0.771,PAR,0.66,0.3,4.72
LUX,POD,0.587,6,1,33,24.989,1,1.0,ZAG,0.59,-1.0,4.16
LUX,SKO,0.841,6,2,34,23.414,2,0.849,MIL,0.42,0.13,3.9
LUX,OSL,0.929,5,2,33,21.151,2,0.77,FRA,0.46,0.21,4.23
LUX,NIC,0.518,8,1,35,25.66,1,1.0,SOF,0.52,-1.0,3.21
TIR,VIE,1.663,2,2,29,16.288,2,0.803,MIL,0.83,0.33,8.14
TIR,ZAG,1.935,3,2,31,16.608,2,0.628,SOF,0.97,0.72,5.54
POZ,PRA,1.663,1,2,31,9.17,2,0.399,HAM,0.83,1.0,9.17
POZ,VIE,1.4,2,2,30,13.076,2,0.794,PRA,0.7,0.29,6.54
POZ,STO,1.247,4,2,27,10.349,2,0.696,COP,0.62,0.38,2.59
POZ,RIG,1.743,2,2,30,7.53,2,0.574,KAU,0.87,0.74,3.77
POZ,ZAG,1.045,5,2,31,16.449,2,0.811,PRA,0.52,0.2,3.29
POZ,SOF,1.049,5,2,30,15.79,2,0.802,PRA,0.52,0.21,3.16
POZ,TAR,1.734,3,2,29,7.928,2,0.576,KAU,0.87,0.74,2.64
POZ,SIN,0.467,7,1,35,22.336,1,1.0,LIS,0.47,-1.0,3.19
POZ,TIR,0.89,4,2,33,19.569,2,0.861,MIL,0.45,0.12,4.89
POZ,THE,0.718,6,2,32,21.601,1,1.0,SOF,0.36,-1.0,3.6
POZ,SKO,0.81,6,2,33,21.721,2,0.826,SOF,0.41,0.14,3.62
THE,VIE,1.264,4,2,30,15.55,1,1.0,SOF,0.63,-1.0,3.89
THE,ZAG,1.426,3,2,31,12.467,1,1.0,SOF,0.71,-1.0,4.16
THE,TIR,1.329,2,2,32,17.72,1,1.0,SOF,0.66,-1.0,8.86
AMS,PRA,2.093,2,3,21,12.386,3,0.562,FRA,0.7,0.46,6.19
AMS,VIE,1.578,3,3,31,13.839,2,0.611,FRA,0.53,0.61,4.61
AMS,BRA,1.006,4,2,30,16.249,2,0.744,VIE,0.5,0.26,4.06
AMS,HEL,1.528,3,2,28,13.312,2,0.658,HAM,0.76,0.52,4.44
AMS,STO,1.066,4,2,29,12.813,2,0.785,COP,0.53,0.23,3.2
AMS,KAU,1.362,4,2,31,14.367,2,0.684,POZ,0.68,0.43,3.59
AMS,RIG,1.377,5,2,30,14.515,2,0.678,POZ,0.69,0.44,2.9
AMS,GEN,2.164,2,4,31,10.819,3,0.6,FRA,0.54,0.43,5.41
AMS,MAR,1.486,3,3,31,12.443,3,0.621,PAR,0.5,0.28,4.15
AMS,BIL,1.296,3,2,28,12.509,2,0.71,PAR,0.65,0.38,4.17
AMS,PAR,2.849,2,4,28,8.422,4,0.449,BRU,0.71,0.52,4.21
AMS,LJU,0.989,4,2,31,16.829,2,0.835,MIL,0.49,0.16,4.21
AMS,ZAG,1.112,5,3,30,14.938,2,0.791,MIL,0.37,0.23,2.99
AMS,BER,1.757,2,2,31,13.323,2,0.614,HAM,0.88,0.68,6.66
AMS,HAM,1.786,1,2,31,11.075,2,0.44,PRA,0.89,1.0,11.07
AMS,BUC,0.883,6,2,30,18.165,2,0.81,MIL,0.44,0.17,3.03
AMS,SOF,1.109,5,3,29,13.984,2,0.784,MIL,0.37,0.24,2.8
AMS,TAR,1.376,4,2,29,14.214,2,0.673,POZ,0.69,0.45,3.55
AMS,LIS,1.01,5,2,30,13.861,2,0.747,PAR,0.51,0.26,2.77
AMS,POR,0.972,4,2,31,14.009,2,0.747,PAR,0.49,0.25,3.5
AMS,COP,1.753,2,2,29,12.635,2,0.629,HAM,0.88,0.65,6.32
AMS,LON,2.044,1,3,31,8.301,2,0.511,PAR,0.68,1.0,8.3
AMS,BEL,0.929,6,3,29,16.715,2,0.82,MIL,0.31,0.17,2.79
AMS,IST,0.707,6,2,31,19.54,1,1.0,SOF,0.35,-1.0,3.26
AMS,DUB,1.599,2,2,30,10.2,2,0.711,LON,0.8,0.46,5.1
AMS,SIN,0.575,6,1,31,15.41,1,1.0,LIS,0.57,-1.0,2.57
AMS,MIL,1.857,3,3,22,11.309,3,0.591,FRA,0.62,0.38,3.77
AMS,BRU,2.585,1,3,31,9.589,3,0.439,FRA,0.86,0.73,9.59
AMS,LUX,1.886,2,2,30,11.391,2,0.599,BRU,0.94,0.76,5.7
AMS,TIR,0.902,4,2,30,16.668,2,0.882,MIL,0.45,0.11,4.17
AMS,POZ,1.869,3,2,22,11.705,2,0.503,HAM,0.93,0.93,3.9
AMS,THE,0.682,6,2,31,18.196,1,1.0,SOF,0.34,-1.0,3.03
AMS,ATH,0.511,7,1,32,19.629,1,1.0,SOF,0.51,-1.0,2.8
AMS,COR,1.603,3,2,31,10.436,2,0.715,LON,0.8,0.46,3.48
AMS,FRA,3.167,1,4,31,9.642,4,0.396,BRU,0.79,0.64,9.64
AMS,MAD,1.329,4,2,31,12.703,2,0.718,PAR,0.66,0.37,3.18
AMS,BUD,1.179,5,3,29,15.213,2,0.722,MIL,0.39,0.33,3.04
AMS,POD,0.529,6,1,31,20.123,1,1.0,ZAG,0.53,-1.0,3.35
AMS,SKO,0.757,6,2,29,19.189,2,0.85,MIL,0.38,0.11,3.2
AMS,OSL,1.071,3,2,28,12.696,2,0.79,COP,0.54,0.22,4.23
AMS,KIE,0.819,4,1,23,16.609,1,1.0,POZ,0.82,-1.0,4.15
AMS,NIC,0.499,8,1,33,20.742,1,1.0,SOF,0.5,-1.0,2.59
ATH,PRA,0.691,6,1,32,20.028,1,1.0,SOF,0.69,-1.0,3.34
ATH,VIE,0.766,5,1,31,17.177,1,1.0,SOF,0.77,-1.0,3.44
ATH,BRA,0.736,5,1,32,19.756,1,1.0,SOF,0.74,-1.0,3.95
ATH,HEL,0.538,10,1,32,27.295,1,1.0,SOF,0.54,-1.0,2.73
ATH,STO,0.472,11,1,33,30.271,1,1.0,SOF,0.47,-1.0,2.75
ATH,KAU,0.544,8,1,35,28.031,1,1.0,SOF,0.54,-1.0,3.5
ATH,RIG,0.535,9,1,34,28.348,1,1.0,SOF,0.54,-1.0,3.15
ATH,GEN,0.741,5,1,33,18.661,1,1.0,SOF,0.74,-1.0,3.73
ATH,MAR,0.7,5,1,33,21.705,1,1.0,SOF,0.7,-1.0,4.34
ATH,BIL,0.641,7,1,35,24.895,1,1.0,SOF,0.64,-1.0,3.56
ATH,PAR,0.697,6,1,32,20.154,1,1.0,SOF,0.7,-1.0,3.36
ATH,LJU,0.749,5,1,33,20.685,1,1.0,SOF,0.75,-1.0,4.14
ATH,ZAG,0.828,4,1,32,13.68,1,1.0,SOF,0.83,-1.0,3.42
ATH,BER,0.575,8,1,35,26.322,1,1.0,SOF,0.57,-1.0,3.29
ATH,HAM,0.596,8,1,35,25.073,1,1.0,SOF,0.6,-1.0,3.13
ATH,BUC,0.815,3,1,34,20.944,1,1.0,SOF,0.81,-1.0,6.98
ATH,SOF,0.999,2,1,3,2.5,1,1.0,THE,1.0,-1.0,1.25
ATH,TAR,0.544,10,1,33,28.421,1,1.0,SOF,0.54,-1.0,2.84
ATH,LIS,0.579,7,1,35,27.752,1,1.0,SOF,0.58,-1.0,3.96
ATH,POR,0.56,8,1,34,28.46,1,1.0,SOF,0.56,-1.0,3.56
ATH,COP,0.58,9,1,33,25.978,1,1.0,SOF,0.58,-1.0,2.89
ATH,LON,0.621,7,1,35,24.252,1,1.0,SOF,0.62,-1.0,3.46
ATH,BEL,0.868,3,1,33,15.632,1,1.0,SOF,0.87,-1.0,5.21
ATH,IST,0.997,2,1,3,16.813,1,1.0,THE,1.0,-1.0,8.41
ATH,DUB,0.551,8,1,34,27.635,1,1.0,SOF,0.55,-1.0,3.45
ATH,SIN,0.397,8,1,36,32.597,1,1.0,SOF,0.4,-1.0,4.07
ATH,MIL,0.852,4,1,32,10.597,1,1.0,SOF,0.85,-1.0,2.65
ATH,BRU,0.642,7,1,35,23.659,1,1.0,SOF,0.64,-1.0,3.38
ATH,LUX,0.603,7,1,34,26.42,1,1.0,SOF,0.6,-1.0,3.77
ATH,TIR,0.796,3,1,33,19.204,1,1.0,SOF,0.8,-1.0,6.4
ATH,POZ,0.608,7,1,33,23.304,1,1.0,SOF,0.61,-1.0,3.33
ATH,THE,1.0,1,1,1,1.0,1,0.0,---,1.0,-1.0,1.0
ATH,COR,0.553,7,1,35,27.428,1,1.0,SOF,0.55,-1.0,3.92
ATH,FRA,0.722,6,1,33,19.565,1,1.0,SOF,0.72,-1.0,3.26
ATH,MAD,0.655,6,1,33,23.989,1,1.0,SOF,0.66,-1.0,4.0
ATH,BUD,0.862,4,1,33,14.734,1,1.0,SOF,0.86,-1.0,3.68
ATH,POD,0.575,5,1,33,29.424,1,1.0,ZAG,0.57,-1.0,5.88
ATH,SKO,0.852,3,1,34,20.415,1,1.0,SOF,0.85,-1.0,6.8
ATH,OSL,0.472,10,1,33,30.609,1,1.0,SOF,0.47,-1.0,3.06
ATH,KIE,0.446,8,1,34,32.881,1,1.0,SOF,0.45,-1.0,4.11
ATH,NIC,1.0,1,1,1,1.0,1,0.0,---,1.0,-1.0,1.0
COR,PRA,1.275,4,2,25,17.536,2,0.852,PAR,0.64,0.19,4.38
COR,VIE,1.164,4,2,34,18.144,2,0.878,PAR,0.58,0.14,4.54
COR,HEL,1.019,6,2,32,23.02,2,0.853,PAR,0.51,0.15,3.84
COR,STO,0.784,7,2,34,24.739,2,0.865,PAR,0.39,0.11,3.53
COR,KAU,0.95,6,2,34,23.97,2,0.858,PAR,0.47,0.13,3.99
COR,RIG,0.937,7,2,33,24.7,2,0.857,PAR,0.47,0.13,3.53
COR,GEN,1.424,2,2,34,13.076,2,0.866,PAR,0.71,0.19,6.54
COR,MAR,1.205,3,2,34,16.438,2,0.909,PAR,0.6,0.11,5.48
COR,PAR,1.998,1,2,31,6.393,2,0.5,LON,1.0,1.0,6.39
COR,LJU,0.846,4,2,34,22.083,2,0.9,PAR,0.42,0.08,5.52
COR,ZAG,0.929,5,2,33,19.912,2,0.907,PAR,0.46,0.09,3.98
COR,HAM,1.194,4,2,34,21.348,2,0.855,PAR,0.6,0.17,5.34
COR,SOF,0.925,5,2,32,19.064,2,0.905,PAR,0.46,0.09,3.81
COR,TAR,0.954,7,2,32,24.627,2,0.863,PAR,0.48,0.13,3.52
COR,LIS,1.034,4,2,34,20.853,2,0.944,PAR,0.52,0.06,5.21
COR,POR,1.031,3,2,34,21.282,2,0.943,PAR,0.52,0.06,7.09
COR,LON,1.997,2,2,30,12.606,2,0.501,DUB,1.0,1.0,6.3
COR,IST,0.661,6,2,34,26.88,1,1.0,SOF,0.33,-1.0,4.48
COR,DUB,1.9,1,2,31,14.67,2,0.474,PAR,0.95,1.0,14.67
COR,SIN,0.637,5,1,35,23.282,1,1.0,LIS,0.64,-1.0,4.66
COR,MIL,1.32,3,2,34,13.82,2,0.873,PAR,0.66,0.17,4.61
COR,LUX,1.285,3,2,33,20.826,2,0.861,PAR,0.64,0.18,6.94
COR,TIR,0.795,4,2,35,22.656,2,0.917,MIL,0.4,0.07,5.66
COR,POZ,1.177,5,2,34,20.173,2,0.852,PAR,0.59,0.17,4.03
COR,THE,0.668,6,2,34,25.339,1,1.0,SOF,0.33,-1.0,4.22
COR,FRA,1.571,3,2,34,13.934,2,0.815,PAR,0.79,0.29,4.64
COR,MAD,1.169,3,2,34,17.839,2,0.935,PAR,0.58,0.08,5.95
COR,POD,0.556,6,1,34,28.386,1,1.0,ZAG,0.56,-1.0,4.73
COR,SKO,0.71,6,2,35,25.502,2,0.912,PAR,0.35,0.06,4.25
COR,OSL,0.774,6,2,34,25.704,2,0.86,PAR,0.39,0.11,4.28
COR,KIE,0.686,6,1,35,27.537,1,1.0,POZ,0.69,-1.0,4.59
COR,NIC,0.498,8,1,36,28.483,1,1.0,SOF,0.5,-1.0,3.56
FRA,PRA,2.247,1,3,24,10.902,3,0.386,GEN,0.75,0.69,10.9
FRA,VIE,1.996,2,3,32,12.741,2,0.533,PRA,0.67,0.93,6.37
FRA,HEL,1.382,4,2,31,14.313,2,0.644,POZ,0.69,0.49,3.58
FRA,STO,0.929,5,2,32,14.611,2,0.755,COP,0.46,0.23,2.92
FRA,KAU,1.209,3,2,34,14.825,2,0.708,POZ,0.6,0.35,4.94
FRA,RIG,1.203,4,2,33,15.055,2,0.722,POZ,0.6,0.33,3.76
FRA,GEN,2.24,1,4,31,8.783,3,0.361,PAR,0.56,0.72,8.78
FRA,MAR,1.655,2,3,32,11.553,3,0.686,GEN,0.55,0.26,5.78
FRA,PAR,2.576,2,4,31,10.165,4,0.47,AMS,0.64,0.46,5.08
FRA,LJU,1.123,3,2,32,15.023,2,0.826,MIL,0.56,0.2,5.01
FRA,ZAG,1.283,4,3,31,13.725,2,0.798,MIL,0.43,0.26,3.43
FRA,HAM,1.753,2,2,34,13.155,2,0.617,AMS,0.88,0.67,6.58
FRA,SOF,1.32,4,3,30,12.524,2,0.784,MIL,0.44,0.29,3.13
FRA,TAR,1.189,5,2,32,15.085,2,0.716,POZ,0.59,0.34,3.02
FRA,LIS,1.046,4,2,34,13.523,2,0.715,MAD,0.52,0.3,3.38
FRA,POR,1.052,4,2,33,14.526,2,0.72,MAD,0.53,0.29,3.63
FRA,LON,1.908,2,3,34,11.558,2,0.598,PAR,0.64,0.77,5.78
FRA,IST,0.769,5,2,32,17.678,1,1.0,SOF,0.38,-1.0,3.54
FRA,SIN,0.576,5,1,35,14.952,1,1.0,LIS,0.58,-1.0,2.99
FRA,MIL,2.288,2,3,32,10.826,3,0.537,GEN,0.76,0.53,5.41
FRA,LUX,1.942,1,2,31,8.343,2,0.485,BRU,0.97,1.0,8.34
FRA,TIR,1.008,3,2,33,15.078,2,0.881,MIL,0.5,0.12,5.03
FRA,POZ,1.878,2,2,32,12.742,2,0.566,PRA,0.94,0.82,6.37
FRA,THE,0.784,5,2,32,16.841,1,1.0,SOF,0.39,-1.0,3.37
FRA,MAD,1.354,3,2,32,12.38,2,0.652,GEN,0.68,0.47,4.13
FRA,POD,0.589,5,1,32,18.277,1,1.0,ZAG,0.59,-1.0,3.66
FRA,SKO,0.885,5,2,33,17.192,2,0.852,MIL,0.44,0.13,3.44
FRA,OSL,0.92,4,2,32,14.529,2,0.752,COP,0.46,0.23,3.63
FRA,KIE,0.726,3,1,33,15.994,1,1.0,POZ,0.73,-1.0,5.33
FRA,NIC,0.572,7,1,34,19.261,1,1.0,SOF,0.57,-1.0,2.75
MAD,PRA,1.39,4,2,24,16.58,2,0.68,MAR,0.69,0.44,4.14
MAD,VIE,1.399,3,2,32,16.296,2,0.714,MAR,0.7,0.4,5.43
MAD,STO,0.787,8,2,32,23.844,2,0.745,AMS,0.39,0.2,2.98
MAD,RIG,0.953,7,2,33,22.518,2,0.766,POZ,0.48,0.22,3.22
MAD,MAR,1.758,1,2,31,10.817,2,0.431,BIL,0.88,1.0,10.82
MAD,PAR,1.902,2,2,28,10.258,2,0.526,BIL,0.95,0.9,5.13
MAD,ZAG,1.109,4,2,31,16.887,2,0.873,MIL,0.55,0.14,4.22
MAD,SOF,1.138,4,2,30,16.128,2,0.878,MIL,0.57,0.14,4.03
MAD,TAR,0.956,8,2,32,23.142,2,0.774,POZ,0.48,0.22,2.89
MAD,POR,1.996,2,2,30,9.591,2,0.501,BIL,1.0,1.0,4.8
MAD,SIN,1.0,2,1,32,8.59,1,1.0,LIS,1.0,-1.0,4.29
MAD,MIL,1.64,2,2,31,11.036,2,0.671,MAR,0.82,0.54,5.52
MAD,TIR,0.955,3,2,32,20.053,2,0.932,MIL,0.48,0.06,6.68
MAD,POZ,1.179,5,2,31,18.952,2,0.693,PRA,0.59,0.36,3.79
MAD,THE,0.793,5,2,32,22.371,1,1.0,SOF,0.4,-1.0,4.47
MAD,POD,0.598,5,1,32,23.925,1,1.0,ZAG,0.6,-1.0,4.79
MAD,SKO,0.833,5,2,32,22.159,2,0.908,MIL,0.42,0.08,4.43
MAD,OSL,0.762,7,2,31,24.078,2,0.754,COP,0.38,0.19,3.44
MAD,NIC,0.552,7,1,34,24.034,1,1.0,SOF,0.55,-1.0,3.43
BUD,PRA,1.21,3,3,29,13.62,2,0.696,VIE,0.4,0.37,4.54
BUD,VIE,1.797,2,3,30,9.751,2,0.556,BRA,0.6,0.8,4.88
BUD,HEL,0.803,7,2,29,19.565,2,0.741,PRA,0.4,0.21,2.8
BUD,STO,0.614,8,2,31,22.072,2,0.748,POZ,0.31,0.15,2.76
BUD,KAU,0.741,5,2,32,20.472,2,0.778,POZ,0.37,0.16,4.09
BUD,RIG,0.768,6,2,31,20.728,2,0.775,POZ,0.38,0.17,3.45
BUD,GEN,1.397,4,3,30,13.59,2,0.752,MIL,0.47,0.35,3.4
BUD,MAR,1.106,4,3,30,15.368,2,0.822,MIL,0.37,0.2,3.84
BUD,PAR,1.176,5,3,30,14.614,2,0.75,MIL,0.39,0.29,2.92
BUD,LJU,1.515,2,2,31,12.784,2,0.701,ZAG,0.76,0.45,6.39
BUD,ZAG,2.089,1,3,30,8.982,3,0.376,SOF,0.7,0.65,8.98
BUD,HAM,0.915,6,2,32,18.401,2,0.71,PRA,0.46,0.27,3.07
BUD,SOF,2.348,2,3,30,9.401,3,0.445,ZAG,0.78,0.65,4.7
BUD,TAR,0.763,7,2,30,20.47,2,0.782,PRA,0.38,0.17,2.92
BUD,LIS,0.753,6,2,33,19.333,2,0.848,MIL,0.38,0.11,3.22
BUD,POR,0.77,7,2,32,19.68,2,0.847,MIL,0.39,0.12,2.81
BUD,COP,0.857,6,2,31,18.553,2,0.738,PRA,0.43,0.22,3.09
BUD,LON,0.948,6,3,33,17.817,2,0.769,MIL,0.32,0.22,2.97
BUD,IST,0.963,3,2,32,13.501,1,1.0,SOF,0.48,-1.0,4.5
BUD,DUB,0.786,7,2,32,19.713,2,0.858,PAR,0.39,0.11,2.82
BUD,SIN,0.459,7,1,34,21.924,1,1.0,LIS,0.46,-1.0,3.13
BUD,MIL,2.539,3,3,25,9.814,3,0.447,ZAG,0.85,0.7,3.27
BUD,LUX,0.902,5,2,32,19.117,2,0.744,MIL,0.45,0.23,3.82
BUD,TIR,1.225,3,2,31,14.432,2,0.626,SOF,0.61,0.46,4.81
BUD,POZ,0.939,4,2,31,16.631,2,0.735,PRA,0.47,0.25,4.16
BUD,THE,0.99,3,2,32,12.484,1,1.0,SOF,0.49,-1.0,4.16
BUD,COR,0.783,6,2,33,19.896,2,0.85,PAR,0.39,0.12,3.32
BUD,FRA,1.321,4,3,31,14.427,2,0.702,MIL,0.44,0.39,3.61
BUD,MAD,0.927,5,2,30,17.69,2,0.832,MIL,0.46,0.16,3.54
BUD,POD,0.893,2,1,31,13.236,1,1.0,ZAG,0.89,-1.0,6.62
BUD,SKO,1.264,3,2,29,13.525,2,0.733,SOF,0.63,0.34,4.51
BUD,OSL,0.62,7,2,31,21.603,2,0.738,COP,0.31,0.16,3.09
BUD,KIE,0.541,5,1,32,23.042,1,1.0,POZ,0.54,-1.0,4.61
BUD,NIC,0.667,5,1,34,14.82,1,1.0,SOF,0.67,-1.0,2.96
POD,PRA,0.876,5,1,31,20.034,1,1.0,ZAG,0.88,-1.0,4.01
POD,VIE,0.964,4,1,29,16.39,1,1.0,ZAG,0.96,-1.0,4.1
POD,STO,0.633,10,1,32,33.372,1,1.0,ZAG,0.63,-1.0,3.34
POD,RIG,0.707,8,1,33,30.216,1,1.0,ZAG,0.71,-1.0,3.78
POD,ZAG,1.0,1,1,1,1.0,1,0.0,---,1.0,-1.0,1.0
POD,SOF,0.999,3,1,30,13.242,1,1.0,ZAG,1.0,-1.0,4.41
POD,TAR,0.72,9,1,32,30.472,1,1.0,ZAG,0.72,-1.0,3.39
POD,POR,0.76,7,1,33,30.697,1,1.0,ZAG,0.76,-1.0,4.39
POD,SIN,0.522,7,1,35,36.589,1,1.0,ZAG,0.52,-1.0,5.23
POD,TIR,0.866,4,1,32,23.568,1,1.0,ZAG,0.87,-1.0,5.89
POD,POZ,0.787,6,1,32,24.121,1,1.0,ZAG,0.79,-1.0,4.02
POD,THE,0.838,4,1,32,25.539,1,1.0,ZAG,0.84,-1.0,6.38
POD,SKO,0.965,3,1,32,24.863,1,1.0,ZAG,0.96,-1.0,8.29
SKO,VIE,1.406,4,2,30,15.458,2,0.785,SOF,0.7,0.3,3.86
SKO,STO,0.619,10,2,33,27.345,2,0.848,MIL,0.31,0.09,2.73
SKO,ZAG,1.785,2,2,31,12.856,2,0.727,BEL,0.89,0.49,6.43
SKO,SOF,1.998,1,2,31,5.812,2,0.5,BEL,1.0,1.0,5.81
SKO,TAR,0.722,9,2,30,26.055,2,0.853,SOF,0.36,0.11,2.9
SKO,TIR,1.352,2,2,32,17.657,2,0.889,SOF,0.68,0.15,8.83
SKO,THE,1.403,2,2,33,17.084,1,1.0,SOF,0.7,-1.0,8.54
OSL,PRA,1.134,4,2,31,15.486,2,0.82,COP,0.57,0.2,3.87
OSL,VIE,0.955,5,2,31,18.515,2,0.845,COP,0.48,0.15,3.7
OSL,STO,1.811,1,2,31,12.909,2,0.448,HEL,0.91,1.0,12.91
OSL,RIG,1.43,4,2,30,18.088,2,0.725,COP,0.71,0.39,4.52
OSL,PAR,1.011,5,2,31,15.992,2,0.832,COP,0.51,0.17,3.2
OSL,ZAG,0.755,8,2,31,22.015,2,0.847,COP,0.38,0.12,2.75
OSL,SOF,0.76,8,2,30,20.68,2,0.841,COP,0.38,0.12,2.58
OSL,TAR,1.389,3,2,31,18.064,2,0.72,COP,0.69,0.39,6.02
OSL,POR,0.613,7,2,33,24.326,2,0.865,COP,0.31,0.08,3.48
OSL,SIN,0.412,9,1,35,28.063,1,1.0,LIS,0.41,-1.0,3.12
OSL,TIR,0.646,7,2,33,25.465,2,0.863,MIL,0.32,0.09,3.64
OSL,POZ,1.609,3,2,28,12.222,2,0.747,COP,0.8,0.41,4.07
OSL,THE,0.529,9,2,32,27.656,1,1.0,SOF,0.26,-1.0,3.07
OSL,POD,0.432,9,1,32,30.686,1,1.0,ZAG,0.43,-1.0,3.41
OSL,SKO,0.608,9,2,33,27.606,2,0.845,COP,0.3,0.09,3.07
KIE,PRA,0.998,2,1,32,14.637,1,1.0,POZ,1.0,-1.0,7.32
KIE,VIE,0.922,3,1,31,19.563,1,1.0,POZ,0.92,-1.0,6.52
KIE,STO,0.853,5,1,28,25.297,1,1.0,POZ,0.85,-1.0,5.06
KIE,RIG,0.997,3,1,31,23.183,1,1.0,POZ,1.0,-1.0,7.73
KIE,MAR,0.819,5,1,32,23.006,1,1.0,POZ,0.82,-1.0,4.6
KIE,PAR,0.898,5,1,32,18.529,1,1.0,POZ,0.9,-1.0,3.71
KIE,LJU,0.758,5,1,33,27.941,1,1.0,POZ,0.76,-1.0,5.59
KIE,ZAG,0.791,6,1,32,24.077,1,1.0,POZ,0.79,-1.0,4.01
KIE,SOF,0.795,6,1,31,23.407,1,1.0,POZ,0.8,-1.0,3.9
KIE,TAR,0.996,4,1,30,23.556,1,1.0,POZ,1.0,-1.0,5.89
KIE,LIS,0.682,7,1,35,28.525,1,1.0,POZ,0.68,-1.0,4.08
KIE,POR,0.687,7,1,34,29.205,1,1.0,POZ,0.69,-1.0,4.17
KIE,LON,0.842,5,1,35,23.411,1,1.0,POZ,0.84,-1.0,4.68
KIE,SIN,0.461,8,1,36,33.825,1,1.0,LIS,0.46,-1.0,4.23
KIE,MIL,0.936,4,1,33,17.695,1,1.0,POZ,0.94,-1.0,4.42
KIE,LUX,0.849,4,1,34,24.437,1,1.0,POZ,0.85,-1.0,6.11
KIE,TIR,0.717,5,1,34,29.006,1,1.0,POZ,0.72,-1.0,5.8
KIE,POZ,1.0,1,1,1,1.0,1,0.0,---,1.0,-1.0,1.0
KIE,THE,0.645,7,1,33,32.015,1,1.0,SOF,0.65,-1.0,4.57
KIE,MAD,0.749,6,1,32,25.343,1,1.0,POZ,0.75,-1.0,4.22
KIE,POD,0.553,7,1,33,35.381,1,1.0,ZAG,0.55,-1.0,5.05
KIE,SKO,0.673,7,1,34,31.308,1,1.0,POZ,0.67,-1.0,4.47
KIE,OSL,0.835,4,1,29,25.516,1,1.0,POZ,0.83,-1.0,6.38
KIE,NIC,0.491,9,1,35,35.796,1,1.0,SOF,0.49,-1.0,3.98
NIC,PRA,0.551,7,1,33,20.779,1,1.0,SOF,0.55,-1.0,2.97
NIC,VIE,0.636,6,1,32,17.56,1,1.0,SOF,0.64,-1.0,2.93
NIC,STO,0.34,12,1,34,30.945,1,1.0,SOF,0.34,-1.0,2.58
NIC,RIG,0.406,10,1,35,29.905,1,1.0,SOF,0.41,-1.0,2.99
NIC,PAR,0.548,7,1,33,21.063,1,1.0,SOF,0.55,-1.0,3.01
NIC,ZAG,0.694,5,1,33,14.412,1,1.0,SOF,0.69,-1.0,2.88
NIC,SOF,0.999,3,1,4,3.505,1,1.0,THE,1.0,-1.0,1.17
NIC,TAR,0.415,11,1,34,29.436,1,1.0,SOF,0.41,-1.0,2.68
NIC,POR,0.417,9,1,35,29.391,1,1.0,SOF,0.42,-1.0,3.27
NIC,SIN,0.284,9,1,37,33.309,1,1.0,SOF,0.28,-1.0,3.7
NIC,TIR,0.691,4,1,34,19.423,1,1.0,SOF,0.69,-1.0,4.86
NIC,POZ,0.458,8,1,34,24.515,1,1.0,SOF,0.46,-1.0,3.06
NIC,THE,1.0,2,1,2,2.0,1,1.0,ATH,1.0,-1.0,1.0
NIC,POD,0.451,6,1,34,31.402,1,1.0,ZAG,0.45,-1.0,5.23
NIC,SKO,0.749,4,1,35,21.607,1,1.0,SOF,0.75,-1.0,5.4
NIC,OSL,0.348,11,1,34,31.758,1,1.0,SOF,0.35,-1.0,2.89
